NO,Time,Value,Pressure,NO_num,Value_N,NO_aligned_to_peak
0,오후 6:53:22,0 N,0.0000MPa,0.0,0,-550.0
1,오후 6:53:22,0 N,0.0000MPa,1.0,0,-549.0
2,오후 6:53:23,0 N,0.0000MPa,2.0,0,-548.0
3,오후 6:53:23,0 N,0.0000MPa,3.0,0,-547.0
4,오후 6:53:23,8 N,8.0000MPa,4.0,8,-546.0
5,오후 6:53:23,45 N,45.0000MPa,5.0,45,-545.0
6,오후 6:53:23,68 N,68.0000MPa,6.0,68,-544.0
7,오후 6:53:24,104 N,104.0000MPa,7.0,104,-543.0
8,오후 6:53:24,130 N,130.0000MPa,8.0,130,-542.0
9,오후 6:53:24,133 N,133.0000MPa,9.0,133,-541.0
10,오후 6:53:24,132 N,132.0000MPa,10.0,132,-540.0
11,오후 6:53:24,132 N,132.0000MPa,11.0,132,-539.0
12,오후 6:53:25,132 N,132.0000MPa,12.0,132,-538.0
13,오후 6:53:25,132 N,132.0000MPa,13.0,132,-537.0
14,오후 6:53:25,131 N,131.0000MPa,14.0,131,-536.0
15,오후 6:53:25,131 N,131.0000MPa,15.0,131,-535.0
16,오후 6:53:25,107 N,107.0000MPa,16.0,107,-534.0
17,오후 6:53:25,40 N,40.0000MPa,17.0,40,-533.0
18,오후 6:53:26,0 N,0.0000MPa,18.0,0,-532.0
19,오후 6:53:26,0 N,0.0000MPa,19.0,0,-531.0
20,오후 6:53:26,0 N,0.0000MPa,20.0,0,-530.0
21,오후 6:53:26,0 N,0.0000MPa,21.0,0,-529.0
22,오후 6:53:26,0 N,0.0000MPa,22.0,0,-528.0
23,오후 6:53:27,0 N,0.0000MPa,23.0,0,-527.0
24,오후 6:53:27,0 N,0.0000MPa,24.0,0,-526.0
25,오후 6:53:27,0 N,0.0000MPa,25.0,0,-525.0
26,오후 6:53:27,0 N,0.0000MPa,26.0,0,-524.0
27,오후 6:53:27,0 N,0.0000MPa,27.0,0,-523.0
28,오후 6:53:28,0 N,0.0000MPa,28.0,0,-522.0
29,오후 6:53:28,0 N,0.0000MPa,29.0,0,-521.0
30,오후 6:53:28,0 N,0.0000MPa,30.0,0,-520.0
31,오후 6:53:28,0 N,0.0000MPa,31.0,0,-519.0
32,오후 6:53:28,0 N,0.0000MPa,32.0,0,-518.0
33,오후 6:53:29,0 N,0.0000MPa,33.0,0,-517.0
34,오후 6:53:29,0 N,0.0000MPa,34.0,0,-516.0
35,오후 6:53:29,0 N,0.0000MPa,35.0,0,-515.0
36,오후 6:53:29,0 N,0.0000MPa,36.0,0,-514.0
37,오후 6:53:29,0 N,0.0000MPa,37.0,0,-513.0
38,오후 6:53:29,0 N,0.0000MPa,38.0,0,-512.0
39,오후 6:53:30,0 N,0.0000MPa,39.0,0,-511.0
40,오후 6:53:30,0 N,0.0000MPa,40.0,0,-510.0
41,오후 6:53:30,0 N,0.0000MPa,41.0,0,-509.0
42,오후 6:53:30,0 N,0.0000MPa,42.0,0,-508.0
43,오후 6:53:30,0 N,0.0000MPa,43.0,0,-507.0
44,오후 6:53:31,0 N,0.0000MPa,44.0,0,-506.0
45,오후 6:53:31,0 N,0.0000MPa,45.0,0,-505.0
46,오후 6:53:31,0 N,0.0000MPa,46.0,0,-504.0
47,오후 6:53:31,0 N,0.0000MPa,47.0,0,-503.0
48,오후 6:53:31,0 N,0.0000MPa,48.0,0,-502.0
49,오후 6:53:32,0 N,0.0000MPa,49.0,0,-501.0
50,오후 6:53:32,0 N,0.0000MPa,50.0,0,-500.0
51,오후 6:53:32,0 N,0.0000MPa,51.0,0,-499.0
52,오후 6:53:32,0 N,0.0000MPa,52.0,0,-498.0
53,오후 6:53:32,0 N,0.0000MPa,53.0,0,-497.0
54,오후 6:53:32,0 N,0.0000MPa,54.0,0,-496.0
55,오후 6:53:33,0 N,0.0000MPa,55.0,0,-495.0
56,오후 6:53:33,0 N,0.0000MPa,56.0,0,-494.0
57,오후 6:53:33,0 N,0.0000MPa,57.0,0,-493.0
58,오후 6:53:33,0 N,0.0000MPa,58.0,0,-492.0
59,오후 6:53:33,0 N,0.0000MPa,59.0,0,-491.0
60,오후 6:53:34,0 N,0.0000MPa,60.0,0,-490.0
61,오후 6:53:34,0 N,0.0000MPa,61.0,0,-489.0
62,오후 6:53:34,0 N,0.0000MPa,62.0,0,-488.0
63,오후 6:53:34,0 N,0.0000MPa,63.0,0,-487.0
64,오후 6:53:34,0 N,0.0000MPa,64.0,0,-486.0
65,오후 6:53:34,0 N,0.0000MPa,65.0,0,-485.0
66,오후 6:53:35,0 N,0.0000MPa,66.0,0,-484.0
67,오후 6:53:35,0 N,0.0000MPa,67.0,0,-483.0
68,오후 6:53:35,0 N,0.0000MPa,68.0,0,-482.0
69,오후 6:53:35,0 N,0.0000MPa,69.0,0,-481.0
70,오후 6:53:35,0 N,0.0000MPa,70.0,0,-480.0
71,오후 6:53:36,0 N,0.0000MPa,71.0,0,-479.0
72,오후 6:53:36,0 N,0.0000MPa,72.0,0,-478.0
73,오후 6:53:36,0 N,0.0000MPa,73.0,0,-477.0
74,오후 6:53:36,0 N,0.0000MPa,74.0,0,-476.0
75,오후 6:53:36,0 N,0.0000MPa,75.0,0,-475.0
76,오후 6:53:37,0 N,0.0000MPa,76.0,0,-474.0
77,오후 6:53:37,0 N,0.0000MPa,77.0,0,-473.0
78,오후 6:53:37,0 N,0.0000MPa,78.0,0,-472.0
79,오후 6:53:37,0 N,0.0000MPa,79.0,0,-471.0
80,오후 6:53:37,0 N,0.0000MPa,80.0,0,-470.0
81,오후 6:53:38,0 N,0.0000MPa,81.0,0,-469.0
82,오후 6:53:38,0 N,0.0000MPa,82.0,0,-468.0
83,오후 6:53:38,0 N,0.0000MPa,83.0,0,-467.0
84,오후 6:53:38,0 N,0.0000MPa,84.0,0,-466.0
85,오후 6:53:38,0 N,0.0000MPa,85.0,0,-465.0
86,오후 6:53:38,0 N,0.0000MPa,86.0,0,-464.0
87,오후 6:53:39,0 N,0.0000MPa,87.0,0,-463.0
88,오후 6:53:39,0 N,0.0000MPa,88.0,0,-462.0
89,오후 6:53:39,0 N,0.0000MPa,89.0,0,-461.0
90,오후 6:53:39,0 N,0.0000MPa,90.0,0,-460.0
91,오후 6:53:39,0 N,0.0000MPa,91.0,0,-459.0
92,오후 6:53:40,0 N,0.0000MPa,92.0,0,-458.0
93,오후 6:53:40,0 N,0.0000MPa,93.0,0,-457.0
94,오후 6:53:40,0 N,0.0000MPa,94.0,0,-456.0
95,오후 6:53:40,0 N,0.0000MPa,95.0,0,-455.0
96,오후 6:53:40,0 N,0.0000MPa,96.0,0,-454.0
97,오후 6:53:41,0 N,0.0000MPa,97.0,0,-453.0
98,오후 6:53:41,0 N,0.0000MPa,98.0,0,-452.0
99,오후 6:53:41,0 N,0.0000MPa,99.0,0,-451.0
100,오후 6:53:41,0 N,0.0000MPa,100.0,0,-450.0
101,오후 6:53:41,0 N,0.0000MPa,101.0,0,-449.0
102,오후 6:53:42,0 N,0.0000MPa,102.0,0,-448.0
103,오후 6:53:42,0 N,0.0000MPa,103.0,0,-447.0
104,오후 6:53:42,0 N,0.0000MPa,104.0,0,-446.0
105,오후 6:53:42,0 N,0.0000MPa,105.0,0,-445.0
106,오후 6:53:42,0 N,0.0000MPa,106.0,0,-444.0
107,오후 6:53:42,0 N,0.0000MPa,107.0,0,-443.0
108,오후 6:53:43,0 N,0.0000MPa,108.0,0,-442.0
109,오후 6:53:43,0 N,0.0000MPa,109.0,0,-441.0
110,오후 6:53:43,0 N,0.0000MPa,110.0,0,-440.0
111,오후 6:53:43,0 N,0.0000MPa,111.0,0,-439.0
112,오후 6:53:43,0 N,0.0000MPa,112.0,0,-438.0
113,오후 6:53:44,0 N,0.0000MPa,113.0,0,-437.0
114,오후 6:53:44,0 N,0.0000MPa,114.0,0,-436.0
115,오후 6:53:44,0 N,0.0000MPa,115.0,0,-435.0
116,오후 6:53:44,0 N,0.0000MPa,116.0,0,-434.0
117,오후 6:53:44,0 N,0.0000MPa,117.0,0,-433.0
118,오후 6:53:44,0 N,0.0000MPa,118.0,0,-432.0
119,오후 6:53:45,0 N,0.0000MPa,119.0,0,-431.0
120,오후 6:53:45,0 N,0.0000MPa,120.0,0,-430.0
121,오후 6:53:45,0 N,0.0000MPa,121.0,0,-429.0
122,오후 6:53:45,0 N,0.0000MPa,122.0,0,-428.0
123,오후 6:53:45,0 N,0.0000MPa,123.0,0,-427.0
124,오후 6:53:46,0 N,0.0000MPa,124.0,0,-426.0
125,오후 6:53:46,0 N,0.0000MPa,125.0,0,-425.0
126,오후 6:53:46,0 N,0.0000MPa,126.0,0,-424.0
127,오후 6:53:46,0 N,0.0000MPa,127.0,0,-423.0
128,오후 6:53:46,0 N,0.0000MPa,128.0,0,-422.0
129,오후 6:53:47,0 N,0.0000MPa,129.0,0,-421.0
130,오후 6:53:47,0 N,0.0000MPa,130.0,0,-420.0
131,오후 6:53:47,0 N,0.0000MPa,131.0,0,-419.0
132,오후 6:53:47,0 N,0.0000MPa,132.0,0,-418.0
133,오후 6:53:47,0 N,0.0000MPa,133.0,0,-417.0
134,오후 6:53:48,0 N,0.0000MPa,134.0,0,-416.0
135,오후 6:53:48,0 N,0.0000MPa,135.0,0,-415.0
136,오후 6:53:48,0 N,0.0000MPa,136.0,0,-414.0
137,오후 6:53:48,0 N,0.0000MPa,137.0,0,-413.0
138,오후 6:53:48,0 N,0.0000MPa,138.0,0,-412.0
139,오후 6:53:48,0 N,0.0000MPa,139.0,0,-411.0
140,오후 6:53:49,0 N,0.0000MPa,140.0,0,-410.0
141,오후 6:53:49,0 N,0.0000MPa,141.0,0,-409.0
142,오후 6:53:49,0 N,0.0000MPa,142.0,0,-408.0
143,오후 6:53:49,0 N,0.0000MPa,143.0,0,-407.0
144,오후 6:53:49,0 N,0.0000MPa,144.0,0,-406.0
145,오후 6:53:50,0 N,0.0000MPa,145.0,0,-405.0
146,오후 6:53:50,0 N,0.0000MPa,146.0,0,-404.0
147,오후 6:53:50,0 N,0.0000MPa,147.0,0,-403.0
148,오후 6:53:50,0 N,0.0000MPa,148.0,0,-402.0
149,오후 6:53:50,0 N,0.0000MPa,149.0,0,-401.0
150,오후 6:53:51,0 N,0.0000MPa,150.0,0,-400.0
151,오후 6:53:51,0 N,0.0000MPa,151.0,0,-399.0
152,오후 6:53:51,0 N,0.0000MPa,152.0,0,-398.0
153,오후 6:53:51,0 N,0.0000MPa,153.0,0,-397.0
154,오후 6:53:51,0 N,0.0000MPa,154.0,0,-396.0
155,오후 6:53:51,0 N,0.0000MPa,155.0,0,-395.0
156,오후 6:53:52,0 N,0.0000MPa,156.0,0,-394.0
157,오후 6:53:52,0 N,0.0000MPa,157.0,0,-393.0
158,오후 6:53:52,0 N,0.0000MPa,158.0,0,-392.0
159,오후 6:53:52,0 N,0.0000MPa,159.0,0,-391.0
160,오후 6:53:52,0 N,0.0000MPa,160.0,0,-390.0
161,오후 6:53:53,0 N,0.0000MPa,161.0,0,-389.0
162,오후 6:53:53,0 N,0.0000MPa,162.0,0,-388.0
163,오후 6:53:53,0 N,0.0000MPa,163.0,0,-387.0
164,오후 6:53:53,0 N,0.0000MPa,164.0,0,-386.0
165,오후 6:53:53,0 N,0.0000MPa,165.0,0,-385.0
166,오후 6:53:54,0 N,0.0000MPa,166.0,0,-384.0
167,오후 6:53:54,0 N,0.0000MPa,167.0,0,-383.0
168,오후 6:53:54,0 N,0.0000MPa,168.0,0,-382.0
169,오후 6:53:54,0 N,0.0000MPa,169.0,0,-381.0
170,오후 6:53:54,19 N,19.0000MPa,170.0,19,-380.0
171,오후 6:53:54,45 N,45.0000MPa,171.0,45,-379.0
172,오후 6:53:55,93 N,93.0000MPa,172.0,93,-378.0
173,오후 6:53:55,155 N,155.0000MPa,173.0,155,-377.0
174,오후 6:53:55,214 N,214.0000MPa,174.0,214,-376.0
175,오후 6:53:55,267 N,267.0000MPa,175.0,267,-375.0
176,오후 6:53:55,320 N,320.0000MPa,176.0,320,-374.0
177,오후 6:53:56,343 N,343.0000MPa,177.0,343,-373.0
178,오후 6:53:56,341 N,341.0000MPa,178.0,341,-372.0
179,오후 6:53:56,340 N,340.0000MPa,179.0,340,-371.0
180,오후 6:53:56,339 N,339.0000MPa,180.0,339,-370.0
181,오후 6:53:56,338 N,338.0000MPa,181.0,338,-369.0
182,오후 6:53:57,338 N,338.0000MPa,182.0,338,-368.0
183,오후 6:53:57,338 N,338.0000MPa,183.0,338,-367.0
184,오후 6:53:57,319 N,319.0000MPa,184.0,319,-366.0
185,오후 6:53:57,187 N,187.0000MPa,185.0,187,-365.0
186,오후 6:53:57,78 N,78.0000MPa,186.0,78,-364.0
187,오후 6:53:57,39 N,39.0000MPa,187.0,39,-363.0
188,오후 6:53:58,50 N,50.0000MPa,188.0,50,-362.0
189,오후 6:53:58,119 N,119.0000MPa,189.0,119,-361.0
190,오후 6:53:58,196 N,196.0000MPa,190.0,196,-360.0
191,오후 6:53:58,261 N,261.0000MPa,191.0,261,-359.0
192,오후 6:53:58,322 N,322.0000MPa,192.0,322,-358.0
193,오후 6:53:59,344 N,344.0000MPa,193.0,344,-357.0
194,오후 6:53:59,372 N,372.0000MPa,194.0,372,-356.0
195,오후 6:53:59,371 N,371.0000MPa,195.0,371,-355.0
196,오후 6:53:59,369 N,369.0000MPa,196.0,369,-354.0
197,오후 6:53:59,368 N,368.0000MPa,197.0,368,-353.0
198,오후 6:54:00,366 N,366.0000MPa,198.0,366,-352.0
199,오후 6:54:00,365 N,365.0000MPa,199.0,365,-351.0
200,오후 6:54:00,362 N,362.0000MPa,200.0,362,-350.0
201,오후 6:54:00,269 N,269.0000MPa,201.0,269,-349.0
202,오후 6:54:00,144 N,144.0000MPa,202.0,144,-348.0
203,오후 6:54:00,49 N,49.0000MPa,203.0,49,-347.0
204,오후 6:54:01,3 N,3.0000MPa,204.0,3,-346.0
205,오후 6:54:01,0 N,0.0000MPa,205.0,0,-345.0
206,오후 6:54:01,0 N,0.0000MPa,206.0,0,-344.0
207,오후 6:54:01,0 N,0.0000MPa,207.0,0,-343.0
208,오후 6:54:01,0 N,0.0000MPa,208.0,0,-342.0
209,오후 6:54:02,0 N,0.0000MPa,209.0,0,-341.0
210,오후 6:54:02,0 N,0.0000MPa,210.0,0,-340.0
211,오후 6:54:02,0 N,0.0000MPa,211.0,0,-339.0
212,오후 6:54:02,0 N,0.0000MPa,212.0,0,-338.0
213,오후 6:54:02,0 N,0.0000MPa,213.0,0,-337.0
214,오후 6:54:03,0 N,0.0000MPa,214.0,0,-336.0
215,오후 6:54:03,0 N,0.0000MPa,215.0,0,-335.0
216,오후 6:54:03,0 N,0.0000MPa,216.0,0,-334.0
217,오후 6:54:03,0 N,0.0000MPa,217.0,0,-333.0
218,오후 6:54:03,0 N,0.0000MPa,218.0,0,-332.0
219,오후 6:54:03,0 N,0.0000MPa,219.0,0,-331.0
220,오후 6:54:04,0 N,0.0000MPa,220.0,0,-330.0
221,오후 6:54:04,0 N,0.0000MPa,221.0,0,-329.0
222,오후 6:54:04,0 N,0.0000MPa,222.0,0,-328.0
223,오후 6:54:04,0 N,0.0000MPa,223.0,0,-327.0
224,오후 6:54:04,0 N,0.0000MPa,224.0,0,-326.0
225,오후 6:54:05,0 N,0.0000MPa,225.0,0,-325.0
226,오후 6:54:05,0 N,0.0000MPa,226.0,0,-324.0
227,오후 6:54:05,0 N,0.0000MPa,227.0,0,-323.0
228,오후 6:54:05,0 N,0.0000MPa,228.0,0,-322.0
229,오후 6:54:05,0 N,0.0000MPa,229.0,0,-321.0
230,오후 6:54:06,0 N,0.0000MPa,230.0,0,-320.0
231,오후 6:54:06,0 N,0.0000MPa,231.0,0,-319.0
232,오후 6:54:06,0 N,0.0000MPa,232.0,0,-318.0
233,오후 6:54:06,0 N,0.0000MPa,233.0,0,-317.0
234,오후 6:54:06,0 N,0.0000MPa,234.0,0,-316.0
235,오후 6:54:06,0 N,0.0000MPa,235.0,0,-315.0
236,오후 6:54:07,0 N,0.0000MPa,236.0,0,-314.0
237,오후 6:54:07,0 N,0.0000MPa,237.0,0,-313.0
238,오후 6:54:07,0 N,0.0000MPa,238.0,0,-312.0
239,오후 6:54:07,0 N,0.0000MPa,239.0,0,-311.0
240,오후 6:54:07,0 N,0.0000MPa,240.0,0,-310.0
241,오후 6:54:08,0 N,0.0000MPa,241.0,0,-309.0
242,오후 6:54:08,0 N,0.0000MPa,242.0,0,-308.0
243,오후 6:54:08,0 N,0.0000MPa,243.0,0,-307.0
244,오후 6:54:08,0 N,0.0000MPa,244.0,0,-306.0
245,오후 6:54:08,0 N,0.0000MPa,245.0,0,-305.0
246,오후 6:54:09,0 N,0.0000MPa,246.0,0,-304.0
247,오후 6:54:09,0 N,0.0000MPa,247.0,0,-303.0
248,오후 6:54:09,0 N,0.0000MPa,248.0,0,-302.0
249,오후 6:54:09,0 N,0.0000MPa,249.0,0,-301.0
250,오후 6:54:09,0 N,0.0000MPa,250.0,0,-300.0
251,오후 6:54:09,0 N,0.0000MPa,251.0,0,-299.0
252,오후 6:54:10,0 N,0.0000MPa,252.0,0,-298.0
253,오후 6:54:10,0 N,0.0000MPa,253.0,0,-297.0
254,오후 6:54:10,0 N,0.0000MPa,254.0,0,-296.0
255,오후 6:54:10,0 N,0.0000MPa,255.0,0,-295.0
256,오후 6:54:10,0 N,0.0000MPa,256.0,0,-294.0
257,오후 6:54:11,0 N,0.0000MPa,257.0,0,-293.0
258,오후 6:54:11,0 N,0.0000MPa,258.0,0,-292.0
259,오후 6:54:11,0 N,0.0000MPa,259.0,0,-291.0
260,오후 6:54:11,0 N,0.0000MPa,260.0,0,-290.0
261,오후 6:54:11,0 N,0.0000MPa,261.0,0,-289.0
262,오후 6:54:12,0 N,0.0000MPa,262.0,0,-288.0
263,오후 6:54:12,0 N,0.0000MPa,263.0,0,-287.0
264,오후 6:54:12,0 N,0.0000MPa,264.0,0,-286.0
265,오후 6:54:12,0 N,0.0000MPa,265.0,0,-285.0
266,오후 6:54:12,0 N,0.0000MPa,266.0,0,-284.0
267,오후 6:54:13,0 N,0.0000MPa,267.0,0,-283.0
268,오후 6:54:13,0 N,0.0000MPa,268.0,0,-282.0
269,오후 6:54:13,0 N,0.0000MPa,269.0,0,-281.0
270,오후 6:54:13,0 N,0.0000MPa,270.0,0,-280.0
271,오후 6:54:13,0 N,0.0000MPa,271.0,0,-279.0
272,오후 6:54:13,0 N,0.0000MPa,272.0,0,-278.0
273,오후 6:54:14,0 N,0.0000MPa,273.0,0,-277.0
274,오후 6:54:14,0 N,0.0000MPa,274.0,0,-276.0
275,오후 6:54:14,0 N,0.0000MPa,275.0,0,-275.0
276,오후 6:54:14,0 N,0.0000MPa,276.0,0,-274.0
277,오후 6:54:14,0 N,0.0000MPa,277.0,0,-273.0
278,오후 6:54:15,0 N,0.0000MPa,278.0,0,-272.0
279,오후 6:54:15,0 N,0.0000MPa,279.0,0,-271.0
280,오후 6:54:15,0 N,0.0000MPa,280.0,0,-270.0
281,오후 6:54:15,0 N,0.0000MPa,281.0,0,-269.0
282,오후 6:54:15,0 N,0.0000MPa,282.0,0,-268.0
283,오후 6:54:16,0 N,0.0000MPa,283.0,0,-267.0
284,오후 6:54:16,0 N,0.0000MPa,284.0,0,-266.0
285,오후 6:54:16,0 N,0.0000MPa,285.0,0,-265.0
286,오후 6:54:16,0 N,0.0000MPa,286.0,0,-264.0
287,오후 6:54:16,0 N,0.0000MPa,287.0,0,-263.0
288,오후 6:54:16,0 N,0.0000MPa,288.0,0,-262.0
289,오후 6:54:17,0 N,0.0000MPa,289.0,0,-261.0
290,오후 6:54:17,0 N,0.0000MPa,290.0,0,-260.0
291,오후 6:54:17,0 N,0.0000MPa,291.0,0,-259.0
292,오후 6:54:17,0 N,0.0000MPa,292.0,0,-258.0
293,오후 6:54:17,0 N,0.0000MPa,293.0,0,-257.0
294,오후 6:54:18,0 N,0.0000MPa,294.0,0,-256.0
295,오후 6:54:18,0 N,0.0000MPa,295.0,0,-255.0
296,오후 6:54:18,0 N,0.0000MPa,296.0,0,-254.0
297,오후 6:54:18,0 N,0.0000MPa,297.0,0,-253.0
298,오후 6:54:18,0 N,0.0000MPa,298.0,0,-252.0
299,오후 6:54:19,0 N,0.0000MPa,299.0,0,-251.0
300,오후 6:54:19,0 N,0.0000MPa,300.0,0,-250.0
301,오후 6:54:19,0 N,0.0000MPa,301.0,0,-249.0
302,오후 6:54:19,0 N,0.0000MPa,302.0,0,-248.0
303,오후 6:54:19,0 N,0.0000MPa,303.0,0,-247.0
304,오후 6:54:19,0 N,0.0000MPa,304.0,0,-246.0
305,오후 6:54:20,0 N,0.0000MPa,305.0,0,-245.0
306,오후 6:54:20,0 N,0.0000MPa,306.0,0,-244.0
307,오후 6:54:20,0 N,0.0000MPa,307.0,0,-243.0
308,오후 6:54:20,0 N,0.0000MPa,308.0,0,-242.0
309,오후 6:54:20,0 N,0.0000MPa,309.0,0,-241.0
310,오후 6:54:21,0 N,0.0000MPa,310.0,0,-240.0
311,오후 6:54:21,0 N,0.0000MPa,311.0,0,-239.0
312,오후 6:54:21,0 N,0.0000MPa,312.0,0,-238.0
313,오후 6:54:21,0 N,0.0000MPa,313.0,0,-237.0
314,오후 6:54:21,0 N,0.0000MPa,314.0,0,-236.0
315,오후 6:54:22,0 N,0.0000MPa,315.0,0,-235.0
316,오후 6:54:22,0 N,0.0000MPa,316.0,0,-234.0
317,오후 6:54:22,0 N,0.0000MPa,317.0,0,-233.0
318,오후 6:54:22,0 N,0.0000MPa,318.0,0,-232.0
319,오후 6:54:22,0 N,0.0000MPa,319.0,0,-231.0
320,오후 6:54:22,0 N,0.0000MPa,320.0,0,-230.0
321,오후 6:54:23,0 N,0.0000MPa,321.0,0,-229.0
322,오후 6:54:23,0 N,0.0000MPa,322.0,0,-228.0
323,오후 6:54:23,0 N,0.0000MPa,323.0,0,-227.0
324,오후 6:54:23,0 N,0.0000MPa,324.0,0,-226.0
325,오후 6:54:23,0 N,0.0000MPa,325.0,0,-225.0
326,오후 6:54:24,0 N,0.0000MPa,326.0,0,-224.0
327,오후 6:54:24,0 N,0.0000MPa,327.0,0,-223.0
328,오후 6:54:24,0 N,0.0000MPa,328.0,0,-222.0
329,오후 6:54:24,0 N,0.0000MPa,329.0,0,-221.0
330,오후 6:54:24,0 N,0.0000MPa,330.0,0,-220.0
331,오후 6:54:25,0 N,0.0000MPa,331.0,0,-219.0
332,오후 6:54:25,0 N,0.0000MPa,332.0,0,-218.0
333,오후 6:54:25,0 N,0.0000MPa,333.0,0,-217.0
334,오후 6:54:25,0 N,0.0000MPa,334.0,0,-216.0
335,오후 6:54:25,0 N,0.0000MPa,335.0,0,-215.0
336,오후 6:54:25,0 N,0.0000MPa,336.0,0,-214.0
337,오후 6:54:26,0 N,0.0000MPa,337.0,0,-213.0
338,오후 6:54:26,0 N,0.0000MPa,338.0,0,-212.0
339,오후 6:54:26,0 N,0.0000MPa,339.0,0,-211.0
340,오후 6:54:26,0 N,0.0000MPa,340.0,0,-210.0
341,오후 6:54:26,0 N,0.0000MPa,341.0,0,-209.0
342,오후 6:54:27,0 N,0.0000MPa,342.0,0,-208.0
343,오후 6:54:27,0 N,0.0000MPa,343.0,0,-207.0
344,오후 6:54:27,0 N,0.0000MPa,344.0,0,-206.0
345,오후 6:54:27,0 N,0.0000MPa,345.0,0,-205.0
346,오후 6:54:27,0 N,0.0000MPa,346.0,0,-204.0
347,오후 6:54:28,0 N,0.0000MPa,347.0,0,-203.0
348,오후 6:54:28,0 N,0.0000MPa,348.0,0,-202.0
349,오후 6:54:28,0 N,0.0000MPa,349.0,0,-201.0
350,오후 6:54:28,0 N,0.0000MPa,350.0,0,-200.0
351,오후 6:54:28,0 N,0.0000MPa,351.0,0,-199.0
352,오후 6:54:29,0 N,0.0000MPa,352.0,0,-198.0
353,오후 6:54:29,0 N,0.0000MPa,353.0,0,-197.0
354,오후 6:54:29,0 N,0.0000MPa,354.0,0,-196.0
355,오후 6:54:29,0 N,0.0000MPa,355.0,0,-195.0
356,오후 6:54:29,0 N,0.0000MPa,356.0,0,-194.0
357,오후 6:54:29,0 N,0.0000MPa,357.0,0,-193.0
358,오후 6:54:30,0 N,0.0000MPa,358.0,0,-192.0
359,오후 6:54:30,0 N,0.0000MPa,359.0,0,-191.0
360,오후 6:54:30,0 N,0.0000MPa,360.0,0,-190.0
361,오후 6:54:30,0 N,0.0000MPa,361.0,0,-189.0
362,오후 6:54:30,0 N,0.0000MPa,362.0,0,-188.0
363,오후 6:54:31,0 N,0.0000MPa,363.0,0,-187.0
364,오후 6:54:31,2 N,2.0000MPa,364.0,2,-186.0
365,오후 6:54:31,30 N,30.0000MPa,365.0,30,-185.0
366,오후 6:54:31,63 N,63.0000MPa,366.0,63,-184.0
367,오후 6:54:31,88 N,88.0000MPa,367.0,88,-183.0
368,오후 6:54:31,120 N,120.0000MPa,368.0,120,-182.0
369,오후 6:54:32,135 N,135.0000MPa,369.0,135,-181.0
370,오후 6:54:32,133 N,133.0000MPa,370.0,133,-180.0
371,오후 6:54:32,133 N,133.0000MPa,371.0,133,-179.0
372,오후 6:54:32,133 N,133.0000MPa,372.0,133,-178.0
373,오후 6:54:32,132 N,132.0000MPa,373.0,132,-177.0
374,오후 6:54:33,130 N,130.0000MPa,374.0,130,-176.0
375,오후 6:54:33,81 N,81.0000MPa,375.0,81,-175.0
376,오후 6:54:33,13 N,13.0000MPa,376.0,13,-174.0
377,오후 6:54:33,0 N,0.0000MPa,377.0,0,-173.0
378,오후 6:54:33,0 N,0.0000MPa,378.0,0,-172.0
379,오후 6:54:34,28 N,28.0000MPa,379.0,28,-171.0
380,오후 6:54:34,88 N,88.0000MPa,380.0,88,-170.0
381,오후 6:54:34,130 N,130.0000MPa,381.0,130,-169.0
382,오후 6:54:34,134 N,134.0000MPa,382.0,134,-168.0
383,오후 6:54:34,133 N,133.0000MPa,383.0,133,-167.0
384,오후 6:54:35,133 N,133.0000MPa,384.0,133,-166.0
385,오후 6:54:35,133 N,133.0000MPa,385.0,133,-165.0
386,오후 6:54:35,133 N,133.0000MPa,386.0,133,-164.0
387,오후 6:54:35,133 N,133.0000MPa,387.0,133,-163.0
388,오후 6:54:35,105 N,105.0000MPa,388.0,105,-162.0
389,오후 6:54:35,34 N,34.0000MPa,389.0,34,-161.0
390,오후 6:54:36,0 N,0.0000MPa,390.0,0,-160.0
391,오후 6:54:36,0 N,0.0000MPa,391.0,0,-159.0
392,오후 6:54:36,0 N,0.0000MPa,392.0,0,-158.0
393,오후 6:54:36,0 N,0.0000MPa,393.0,0,-157.0
394,오후 6:54:36,0 N,0.0000MPa,394.0,0,-156.0
395,오후 6:54:37,0 N,0.0000MPa,395.0,0,-155.0
396,오후 6:54:37,0 N,0.0000MPa,396.0,0,-154.0
397,오후 6:54:37,0 N,0.0000MPa,397.0,0,-153.0
398,오후 6:54:37,0 N,0.0000MPa,398.0,0,-152.0
399,오후 6:54:37,0 N,0.0000MPa,399.0,0,-151.0
400,오후 6:54:38,0 N,0.0000MPa,400.0,0,-150.0
401,오후 6:54:38,0 N,0.0000MPa,401.0,0,-149.0
402,오후 6:54:38,0 N,0.0000MPa,402.0,0,-148.0
403,오후 6:54:38,0 N,0.0000MPa,403.0,0,-147.0
404,오후 6:54:38,0 N,0.0000MPa,404.0,0,-146.0
405,오후 6:54:38,0 N,0.0000MPa,405.0,0,-145.0
406,오후 6:54:39,0 N,0.0000MPa,406.0,0,-144.0
407,오후 6:54:39,0 N,0.0000MPa,407.0,0,-143.0
408,오후 6:54:39,0 N,0.0000MPa,408.0,0,-142.0
409,오후 6:54:39,0 N,0.0000MPa,409.0,0,-141.0
410,오후 6:54:39,0 N,0.0000MPa,410.0,0,-140.0
411,오후 6:54:40,0 N,0.0000MPa,411.0,0,-139.0
412,오후 6:54:40,0 N,0.0000MPa,412.0,0,-138.0
413,오후 6:54:40,0 N,0.0000MPa,413.0,0,-137.0
414,오후 6:54:40,0 N,0.0000MPa,414.0,0,-136.0
415,오후 6:54:40,0 N,0.0000MPa,415.0,0,-135.0
416,오후 6:54:41,0 N,0.0000MPa,416.0,0,-134.0
417,오후 6:54:41,0 N,0.0000MPa,417.0,0,-133.0
418,오후 6:54:41,0 N,0.0000MPa,418.0,0,-132.0
419,오후 6:54:41,0 N,0.0000MPa,419.0,0,-131.0
420,오후 6:54:41,0 N,0.0000MPa,420.0,0,-130.0
421,오후 6:54:41,0 N,0.0000MPa,421.0,0,-129.0
422,오후 6:54:42,0 N,0.0000MPa,422.0,0,-128.0
423,오후 6:54:42,0 N,0.0000MPa,423.0,0,-127.0
424,오후 6:54:42,0 N,0.0000MPa,424.0,0,-126.0
425,오후 6:54:42,0 N,0.0000MPa,425.0,0,-125.0
426,오후 6:54:42,0 N,0.0000MPa,426.0,0,-124.0
427,오후 6:54:43,0 N,0.0000MPa,427.0,0,-123.0
428,오후 6:54:43,0 N,0.0000MPa,428.0,0,-122.0
429,오후 6:54:43,0 N,0.0000MPa,429.0,0,-121.0
430,오후 6:54:43,0 N,0.0000MPa,430.0,0,-120.0
431,오후 6:54:43,0 N,0.0000MPa,431.0,0,-119.0
432,오후 6:54:44,0 N,0.0000MPa,432.0,0,-118.0
433,오후 6:54:44,0 N,0.0000MPa,433.0,0,-117.0
434,오후 6:54:44,0 N,0.0000MPa,434.0,0,-116.0
435,오후 6:54:44,0 N,0.0000MPa,435.0,0,-115.0
436,오후 6:54:44,0 N,0.0000MPa,436.0,0,-114.0
437,오후 6:54:44,0 N,0.0000MPa,437.0,0,-113.0
438,오후 6:54:45,0 N,0.0000MPa,438.0,0,-112.0
439,오후 6:54:45,0 N,0.0000MPa,439.0,0,-111.0
440,오후 6:54:45,0 N,0.0000MPa,440.0,0,-110.0
441,오후 6:54:45,0 N,0.0000MPa,441.0,0,-109.0
442,오후 6:54:45,0 N,0.0000MPa,442.0,0,-108.0
443,오후 6:54:46,0 N,0.0000MPa,443.0,0,-107.0
444,오후 6:54:46,0 N,0.0000MPa,444.0,0,-106.0
445,오후 6:54:46,0 N,0.0000MPa,445.0,0,-105.0
446,오후 6:54:46,0 N,0.0000MPa,446.0,0,-104.0
447,오후 6:54:46,0 N,0.0000MPa,447.0,0,-103.0
448,오후 6:54:47,0 N,0.0000MPa,448.0,0,-102.0
449,오후 6:54:47,0 N,0.0000MPa,449.0,0,-101.0
450,오후 6:54:47,0 N,0.0000MPa,450.0,0,-100.0
451,오후 6:54:47,0 N,0.0000MPa,451.0,0,-99.0
452,오후 6:54:47,0 N,0.0000MPa,452.0,0,-98.0
453,오후 6:54:47,0 N,0.0000MPa,453.0,0,-97.0
454,오후 6:54:48,0 N,0.0000MPa,454.0,0,-96.0
455,오후 6:54:48,0 N,0.0000MPa,455.0,0,-95.0
456,오후 6:54:48,0 N,0.0000MPa,456.0,0,-94.0
457,오후 6:54:48,0 N,0.0000MPa,457.0,0,-93.0
458,오후 6:54:48,0 N,0.0000MPa,458.0,0,-92.0
459,오후 6:54:49,0 N,0.0000MPa,459.0,0,-91.0
460,오후 6:54:49,0 N,0.0000MPa,460.0,0,-90.0
461,오후 6:54:49,0 N,0.0000MPa,461.0,0,-89.0
462,오후 6:54:49,0 N,0.0000MPa,462.0,0,-88.0
463,오후 6:54:49,0 N,0.0000MPa,463.0,0,-87.0
464,오후 6:54:50,0 N,0.0000MPa,464.0,0,-86.0
465,오후 6:54:50,0 N,0.0000MPa,465.0,0,-85.0
466,오후 6:54:50,0 N,0.0000MPa,466.0,0,-84.0
467,오후 6:54:50,0 N,0.0000MPa,467.0,0,-83.0
468,오후 6:54:50,0 N,0.0000MPa,468.0,0,-82.0
469,오후 6:54:50,0 N,0.0000MPa,469.0,0,-81.0
470,오후 6:54:51,0 N,0.0000MPa,470.0,0,-80.0
471,오후 6:54:51,0 N,0.0000MPa,471.0,0,-79.0
472,오후 6:54:51,0 N,0.0000MPa,472.0,0,-78.0
473,오후 6:54:51,0 N,0.0000MPa,473.0,0,-77.0
474,오후 6:54:51,0 N,0.0000MPa,474.0,0,-76.0
475,오후 6:54:52,0 N,0.0000MPa,475.0,0,-75.0
476,오후 6:54:52,0 N,0.0000MPa,476.0,0,-74.0
477,오후 6:54:52,0 N,0.0000MPa,477.0,0,-73.0
478,오후 6:54:52,0 N,0.0000MPa,478.0,0,-72.0
479,오후 6:54:52,0 N,0.0000MPa,479.0,0,-71.0
480,오후 6:54:53,0 N,0.0000MPa,480.0,0,-70.0
481,오후 6:54:53,0 N,0.0000MPa,481.0,0,-69.0
482,오후 6:54:53,0 N,0.0000MPa,482.0,0,-68.0
483,오후 6:54:53,0 N,0.0000MPa,483.0,0,-67.0
484,오후 6:54:53,0 N,0.0000MPa,484.0,0,-66.0
485,오후 6:54:53,0 N,0.0000MPa,485.0,0,-65.0
486,오후 6:54:54,0 N,0.0000MPa,486.0,0,-64.0
487,오후 6:54:54,0 N,0.0000MPa,487.0,0,-63.0
488,오후 6:54:54,0 N,0.0000MPa,488.0,0,-62.0
489,오후 6:54:54,0 N,0.0000MPa,489.0,0,-61.0
490,오후 6:54:54,0 N,0.0000MPa,490.0,0,-60.0
491,오후 6:54:55,0 N,0.0000MPa,491.0,0,-59.0
492,오후 6:54:55,0 N,0.0000MPa,492.0,0,-58.0
493,오후 6:54:55,0 N,0.0000MPa,493.0,0,-57.0
494,오후 6:54:55,0 N,0.0000MPa,494.0,0,-56.0
495,오후 6:54:55,0 N,0.0000MPa,495.0,0,-55.0
496,오후 6:54:56,0 N,0.0000MPa,496.0,0,-54.0
497,오후 6:54:56,0 N,0.0000MPa,497.0,0,-53.0
498,오후 6:54:56,0 N,0.0000MPa,498.0,0,-52.0
499,오후 6:54:56,0 N,0.0000MPa,499.0,0,-51.0
500,오후 6:54:56,0 N,0.0000MPa,500.0,0,-50.0
501,오후 6:54:57,0 N,0.0000MPa,501.0,0,-49.0
502,오후 6:54:57,0 N,0.0000MPa,502.0,0,-48.0
503,오후 6:54:57,0 N,0.0000MPa,503.0,0,-47.0
504,오후 6:54:57,0 N,0.0000MPa,504.0,0,-46.0
505,오후 6:54:57,0 N,0.0000MPa,505.0,0,-45.0
506,오후 6:54:57,0 N,0.0000MPa,506.0,0,-44.0
507,오후 6:54:58,0 N,0.0000MPa,507.0,0,-43.0
508,오후 6:54:58,0 N,0.0000MPa,508.0,0,-42.0
509,오후 6:54:58,0 N,0.0000MPa,509.0,0,-41.0
510,오후 6:54:58,0 N,0.0000MPa,510.0,0,-40.0
511,오후 6:54:58,0 N,0.0000MPa,511.0,0,-39.0
512,오후 6:54:59,0 N,0.0000MPa,512.0,0,-38.0
513,오후 6:54:59,0 N,0.0000MPa,513.0,0,-37.0
514,오후 6:54:59,0 N,0.0000MPa,514.0,0,-36.0
515,오후 6:54:59,0 N,0.0000MPa,515.0,0,-35.0
516,오후 6:54:59,0 N,0.0000MPa,516.0,0,-34.0
517,오후 6:55:00,0 N,0.0000MPa,517.0,0,-33.0
518,오후 6:55:00,0 N,0.0000MPa,518.0,0,-32.0
519,오후 6:55:00,0 N,0.0000MPa,519.0,0,-31.0
520,오후 6:55:00,0 N,0.0000MPa,520.0,0,-30.0
521,오후 6:55:00,0 N,0.0000MPa,521.0,0,-29.0
522,오후 6:55:00,0 N,0.0000MPa,522.0,0,-28.0
523,오후 6:55:01,0 N,0.0000MPa,523.0,0,-27.0
524,오후 6:55:01,0 N,0.0000MPa,524.0,0,-26.0
525,오후 6:55:01,0 N,0.0000MPa,525.0,0,-25.0
526,오후 6:55:01,0 N,0.0000MPa,526.0,0,-24.0
527,오후 6:55:01,0 N,0.0000MPa,527.0,0,-23.0
528,오후 6:55:02,0 N,0.0000MPa,528.0,0,-22.0
529,오후 6:55:02,0 N,0.0000MPa,529.0,0,-21.0
530,오후 6:55:02,0 N,0.0000MPa,530.0,0,-20.0
531,오후 6:55:02,0 N,0.0000MPa,531.0,0,-19.0
532,오후 6:55:02,0 N,0.0000MPa,532.0,0,-18.0
533,오후 6:55:02,0 N,0.0000MPa,533.0,0,-17.0
534,오후 6:55:03,0 N,0.0000MPa,534.0,0,-16.0
535,오후 6:55:03,0 N,0.0000MPa,535.0,0,-15.0
536,오후 6:55:03,0 N,0.0000MPa,536.0,0,-14.0
537,오후 6:55:03,0 N,0.0000MPa,537.0,0,-13.0
538,오후 6:55:03,0 N,0.0000MPa,538.0,0,-12.0
539,오후 6:55:04,0 N,0.0000MPa,539.0,0,-11.0
540,오후 6:55:04,0 N,0.0000MPa,540.0,0,-10.0
541,오후 6:55:04,0 N,0.0000MPa,541.0,0,-9.0
542,오후 6:55:04,9 N,9.0000MPa,542.0,9,-8.0
543,오후 6:55:04,28 N,28.0000MPa,543.0,28,-7.0
544,오후 6:55:05,70 N,70.0000MPa,544.0,70,-6.0
545,오후 6:55:05,135 N,135.0000MPa,545.0,135,-5.0
546,오후 6:55:05,197 N,197.0000MPa,546.0,197,-4.0
547,오후 6:55:05,255 N,255.0000MPa,547.0,255,-3.0
548,오후 6:55:05,312 N,312.0000MPa,548.0,312,-2.0
549,오후 6:55:06,348 N,348.0000MPa,549.0,348,-1.0
550,오후 6:55:06,377 N,377.0000MPa,550.0,377,0.0
551,오후 6:55:06,375 N,375.0000MPa,551.0,375,1.0
552,오후 6:55:06,372 N,372.0000MPa,552.0,372,2.0
553,오후 6:55:06,371 N,371.0000MPa,553.0,371,3.0
554,오후 6:55:06,370 N,370.0000MPa,554.0,370,4.0
555,오후 6:55:07,370 N,370.0000MPa,555.0,370,5.0
556,오후 6:55:07,369 N,369.0000MPa,556.0,369,6.0
557,오후 6:55:07,368 N,368.0000MPa,557.0,368,7.0
558,오후 6:55:07,264 N,264.0000MPa,558.0,264,8.0
559,오후 6:55:07,139 N,139.0000MPa,559.0,139,9.0
560,오후 6:55:08,46 N,46.0000MPa,560.0,46,10.0
561,오후 6:55:08,2 N,2.0000MPa,561.0,2,11.0
562,오후 6:55:08,0 N,0.0000MPa,562.0,0,12.0
563,오후 6:55:08,0 N,0.0000MPa,563.0,0,13.0
564,오후 6:55:08,0 N,0.0000MPa,564.0,0,14.0
565,오후 6:55:09,0 N,0.0000MPa,565.0,0,15.0
566,오후 6:55:09,0 N,0.0000MPa,566.0,0,16.0
567,오후 6:55:09,0 N,0.0000MPa,567.0,0,17.0
568,오후 6:55:09,0 N,0.0000MPa,568.0,0,18.0
569,오후 6:55:09,0 N,0.0000MPa,569.0,0,19.0
570,오후 6:55:09,0 N,0.0000MPa,570.0,0,20.0
571,오후 6:55:10,0 N,0.0000MPa,571.0,0,21.0
572,오후 6:55:10,0 N,0.0000MPa,572.0,0,22.0
573,오후 6:55:10,0 N,0.0000MPa,573.0,0,23.0
574,오후 6:55:10,0 N,0.0000MPa,574.0,0,24.0
575,오후 6:55:10,0 N,0.0000MPa,575.0,0,25.0
576,오후 6:55:11,0 N,0.0000MPa,576.0,0,26.0
577,오후 6:55:11,0 N,0.0000MPa,577.0,0,27.0
578,오후 6:55:11,0 N,0.0000MPa,578.0,0,28.0
579,오후 6:55:11,0 N,0.0000MPa,579.0,0,29.0
580,오후 6:55:11,0 N,0.0000MPa,580.0,0,30.0
581,오후 6:55:12,0 N,0.0000MPa,581.0,0,31.0
582,오후 6:55:12,0 N,0.0000MPa,582.0,0,32.0
583,오후 6:55:12,0 N,0.0000MPa,583.0,0,33.0
584,오후 6:55:12,0 N,0.0000MPa,584.0,0,34.0
585,오후 6:55:12,0 N,0.0000MPa,585.0,0,35.0
586,오후 6:55:12,0 N,0.0000MPa,586.0,0,36.0
587,오후 6:55:13,0 N,0.0000MPa,587.0,0,37.0
588,오후 6:55:13,0 N,0.0000MPa,588.0,0,38.0
589,오후 6:55:13,0 N,0.0000MPa,589.0,0,39.0
590,오후 6:55:13,0 N,0.0000MPa,590.0,0,40.0
591,오후 6:55:13,0 N,0.0000MPa,591.0,0,41.0
592,오후 6:55:14,0 N,0.0000MPa,592.0,0,42.0
593,오후 6:55:14,0 N,0.0000MPa,593.0,0,43.0
594,오후 6:55:14,0 N,0.0000MPa,594.0,0,44.0
595,오후 6:55:14,0 N,0.0000MPa,595.0,0,45.0
596,오후 6:55:14,0 N,0.0000MPa,596.0,0,46.0
597,오후 6:55:15,0 N,0.0000MPa,597.0,0,47.0
598,오후 6:55:15,0 N,0.0000MPa,598.0,0,48.0
599,오후 6:55:15,0 N,0.0000MPa,599.0,0,49.0
600,오후 6:55:15,0 N,0.0000MPa,600.0,0,50.0
601,오후 6:55:15,0 N,0.0000MPa,601.0,0,51.0
602,오후 6:55:15,0 N,0.0000MPa,602.0,0,52.0
603,오후 6:55:16,0 N,0.0000MPa,603.0,0,53.0
604,오후 6:55:16,0 N,0.0000MPa,604.0,0,54.0
605,오후 6:55:16,0 N,0.0000MPa,605.0,0,55.0
606,오후 6:55:16,0 N,0.0000MPa,606.0,0,56.0
607,오후 6:55:16,0 N,0.0000MPa,607.0,0,57.0
608,오후 6:55:17,0 N,0.0000MPa,608.0,0,58.0
609,오후 6:55:17,0 N,0.0000MPa,609.0,0,59.0
610,오후 6:55:17,0 N,0.0000MPa,610.0,0,60.0
611,오후 6:55:17,0 N,0.0000MPa,611.0,0,61.0
612,오후 6:55:17,0 N,0.0000MPa,612.0,0,62.0
613,오후 6:55:18,0 N,0.0000MPa,613.0,0,63.0
614,오후 6:55:18,0 N,0.0000MPa,614.0,0,64.0
615,오후 6:55:18,0 N,0.0000MPa,615.0,0,65.0
616,오후 6:55:18,0 N,0.0000MPa,616.0,0,66.0
617,오후 6:55:18,0 N,0.0000MPa,617.0,0,67.0
618,오후 6:55:18,0 N,0.0000MPa,618.0,0,68.0
619,오후 6:55:19,0 N,0.0000MPa,619.0,0,69.0
620,오후 6:55:19,0 N,0.0000MPa,620.0,0,70.0
621,오후 6:55:19,0 N,0.0000MPa,621.0,0,71.0
622,오후 6:55:19,0 N,0.0000MPa,622.0,0,72.0
623,오후 6:55:19,0 N,0.0000MPa,623.0,0,73.0
624,오후 6:55:20,0 N,0.0000MPa,624.0,0,74.0
625,오후 6:55:20,0 N,0.0000MPa,625.0,0,75.0
626,오후 6:55:20,0 N,0.0000MPa,626.0,0,76.0
627,오후 6:55:20,0 N,0.0000MPa,627.0,0,77.0
