step,time_s,contact_force_N,crank_rpm
0,0.002000,0.000000,12.6995
1,0.004000,0.000000,20.2385
2,0.006000,0.000000,24.6226
3,0.008000,0.000000,26.1264
4,0.010000,0.000000,25.5955
5,0.012000,0.000000,24.1905
6,0.014000,0.000000,22.8332
7,0.016000,0.000000,22.0165
8,0.018000,0.000000,21.6268
9,0.020000,0.000000,21.4896
10,0.022000,0.000000,21.4777
11,0.024000,0.000000,21.4928
12,0.026000,0.000000,21.4798
13,0.028000,0.000000,21.4247
14,0.030000,0.000000,21.3385
15,0.032000,0.000000,21.2414
16,0.034000,0.000000,21.1493
17,0.036000,0.000000,21.0703
18,0.038000,0.000000,21.0049
19,0.040000,0.000000,20.9494
20,0.042000,0.000000,20.8995
21,0.044000,0.000000,20.8516
22,0.046000,0.000000,20.8039
23,0.048000,0.000000,20.7559
24,0.050000,0.000000,20.7079
25,0.052000,0.000000,20.6603
26,0.054000,0.000000,20.6133
27,0.056000,0.000000,20.5671
28,0.058000,0.000000,20.5216
29,0.060000,0.000000,20.4767
30,0.062000,0.000000,20.4322
31,0.064000,0.000000,20.3880
32,0.066000,0.000000,20.3441
33,0.068000,0.000000,20.3004
34,0.070000,0.000000,20.2570
35,0.072000,0.000000,20.2139
36,0.074000,0.000000,20.1710
37,0.076000,0.000000,20.1284
38,0.078000,0.000000,20.0860
39,0.080000,0.000000,20.0439
40,0.082000,0.000000,20.0021
41,0.084000,0.000000,19.9604
42,0.086000,0.000000,19.9190
43,0.088000,0.000000,19.8779
44,0.090000,0.000000,19.8370
45,0.092000,0.000000,19.7962
46,0.094000,0.000000,19.7558
47,0.096000,0.000000,19.7155
48,0.098000,0.000000,19.6755
49,0.100000,0.000000,19.6357
50,0.102000,0.000000,19.5962
51,0.104000,0.000000,19.5568
52,0.106000,0.000000,19.5177
53,0.108000,0.000000,19.4788
54,0.110000,0.000000,19.4401
55,0.112000,0.000000,19.4016
56,0.114000,0.000000,19.3634
57,0.116000,0.000000,19.3253
58,0.118000,0.000000,19.2875
59,0.120000,0.000000,19.2499
60,0.122000,0.000000,19.2125
61,0.124000,0.000000,19.1753
62,0.126000,0.000000,19.1383
63,0.128000,0.000000,19.1015
64,0.130000,0.000000,19.0649
65,0.132000,0.000000,19.0285
66,0.134000,0.000000,18.9924
67,0.136000,0.000000,18.9564
68,0.138000,0.000000,18.9207
69,0.140000,0.000000,18.8851
70,0.142000,0.000000,18.8497
71,0.144000,0.000000,18.8146
72,0.146000,0.000000,18.7796
73,0.148000,0.000000,18.7448
74,0.150000,0.000000,18.7103
75,0.152000,0.000000,18.6759
76,0.154000,0.000000,18.6417
77,0.156000,0.000000,18.6077
78,0.158000,0.000000,18.5739
79,0.160000,0.000000,18.5402
80,0.162000,0.000000,18.5068
81,0.164000,0.000000,18.4736
82,0.166000,0.000000,18.4405
83,0.168000,0.000000,18.4076
84,0.170000,0.000000,18.3749
85,0.172000,0.000000,18.3424
86,0.174000,0.000000,18.3101
87,0.176000,0.000000,18.2780
88,0.178000,0.000000,18.2460
89,0.180000,0.000000,18.2142
90,0.182000,0.000000,18.1826
91,0.184000,0.000000,18.1512
92,0.186000,0.000000,18.1199
93,0.188000,0.000000,18.0888
94,0.190000,0.000000,18.0579
95,0.192000,0.000000,18.0272
96,0.194000,0.000000,17.9966
97,0.196000,0.000000,17.9662
98,0.198000,0.000000,17.9360
99,0.200000,0.000000,17.9060
100,0.202000,0.000000,17.8761
101,0.204000,0.000000,17.8464
102,0.206000,0.000000,17.8168
103,0.208000,0.000000,17.7874
104,0.210000,0.000000,17.7582
105,0.212000,0.000000,17.7291
106,0.214000,0.000000,17.7002
107,0.216000,0.000000,17.6715
108,0.218000,0.000000,17.6429
109,0.220000,0.000000,17.6145
110,0.222000,0.000000,17.5862
111,0.224000,0.000000,17.5581
112,0.226000,0.000000,17.5302
113,0.228000,0.000000,17.5024
114,0.230000,0.000000,17.4748
115,0.232000,0.000000,17.4473
116,0.234000,0.000000,17.4200
117,0.236000,0.000000,17.3928
118,0.238000,0.000000,17.3658
119,0.240000,0.000000,17.3389
120,0.242000,0.000000,17.3122
121,0.244000,0.000000,17.2856
122,0.246000,0.000000,17.2592
123,0.248000,0.000000,17.2329
124,0.250000,0.000000,17.2068
125,0.252000,0.000000,17.1808
126,0.254000,0.000000,17.1549
127,0.256000,0.000000,17.1292
128,0.258000,0.000000,17.1037
129,0.260000,0.000000,17.0783
130,0.262000,0.000000,17.0530
131,0.264000,0.000000,17.0279
132,0.266000,0.000000,17.0029
133,0.268000,0.000000,16.9780
134,0.270000,0.000000,16.9533
135,0.272000,0.000000,16.9287
136,0.274000,0.000000,16.9043
137,0.276000,0.000000,16.8800
138,0.278000,0.000000,16.8558
139,0.280000,0.000000,16.8318
140,0.282000,0.000000,16.8079
141,0.284000,0.000000,16.7842
142,0.286000,0.000000,16.7605
143,0.288000,0.000000,16.7370
144,0.290000,0.000000,16.7137
145,0.292000,0.000000,16.6904
146,0.294000,0.000000,16.6673
147,0.296000,0.000000,16.6443
148,0.298000,0.000000,16.6215
149,0.300000,0.000000,16.5988
150,0.302000,0.000000,16.5762
151,0.304000,0.000000,16.5537
152,0.306000,0.000000,16.5314
153,0.308000,0.000000,16.5092
154,0.310000,0.000000,16.4871
155,0.312000,0.000000,16.4651
156,0.314000,0.000000,16.4432
157,0.316000,0.000000,16.4215
158,0.318000,0.000000,16.3999
159,0.320000,0.000000,16.3784
160,0.322000,0.000000,16.3571
161,0.324000,0.000000,16.3358
162,0.326000,0.000000,16.3147
163,0.328000,0.000000,16.2937
164,0.330000,0.000000,16.2728
165,0.332000,0.000000,16.2520
166,0.334000,0.000000,16.2314
167,0.336000,0.000000,16.2109
168,0.338000,0.000000,16.1904
169,0.340000,0.000000,16.1701
170,0.342000,0.000000,16.1499
171,0.344000,0.000000,16.1299
172,0.346000,0.000000,16.1099
173,0.348000,0.000000,16.0900
174,0.350000,0.000000,16.0703
175,0.352000,0.000000,16.0507
176,0.354000,0.000000,16.0311
177,0.356000,0.000000,16.0117
178,0.358000,0.000000,15.9924
179,0.360000,0.000000,15.9732
180,0.362000,0.000000,15.9542
181,0.364000,0.000000,15.9352
182,0.366000,0.000000,15.9163
183,0.368000,0.000000,15.8975
184,0.370000,0.000000,15.8789
185,0.372000,0.000000,15.8603
186,0.374000,0.000000,15.8419
187,0.376000,0.000000,15.8236
188,0.378000,0.000000,15.8053
189,0.380000,0.000000,15.7872
190,0.382000,0.000000,15.7692
191,0.384000,0.000000,15.7512
192,0.386000,0.000000,15.7334
193,0.388000,0.000000,15.7157
194,0.390000,0.000000,15.6981
195,0.392000,0.000000,15.6805
196,0.394000,0.000000,15.6631
197,0.396000,0.000000,15.6458
198,0.398000,0.000000,15.6286
199,0.400000,0.000000,15.6114
200,0.402000,0.000000,15.5944
201,0.404000,0.000000,15.5775
202,0.406000,0.000000,15.5607
203,0.408000,0.000000,15.5439
204,0.410000,0.000000,15.5273
205,0.412000,0.000000,15.5107
206,0.414000,0.000000,15.4943
207,0.416000,0.000000,15.4779
208,0.418000,0.000000,15.4617
209,0.420000,0.000000,15.4455
210,0.422000,0.000000,15.4294
211,0.424000,0.000000,15.4135
212,0.426000,0.000000,15.3976
213,0.428000,0.000000,15.3818
214,0.430000,0.000000,15.3661
215,0.432000,0.000000,15.3505
216,0.434000,0.000000,15.3350
217,0.436000,0.000000,15.3195
218,0.438000,0.000000,15.3042
219,0.440000,0.000000,15.2889
220,0.442000,0.000000,15.2738
221,0.444000,0.000000,15.2587
222,0.446000,0.000000,15.2437
223,0.448000,0.000000,15.2288
224,0.450000,0.000000,15.2140
225,0.452000,0.000000,15.1993
226,0.454000,0.000000,15.1846
227,0.456000,0.000000,15.1701
228,0.458000,0.000000,15.1556
229,0.460000,0.000000,15.1413
230,0.462000,0.000000,15.1270
231,0.464000,0.000000,15.1128
232,0.466000,0.000000,15.0986
233,0.468000,0.000000,15.0846
234,0.470000,0.000000,15.0706
235,0.472000,0.000000,15.0568
236,0.474000,0.000000,15.0430
237,0.476000,0.000000,15.0293
238,0.478000,0.000000,15.0157
239,0.480000,0.000000,15.0021
240,0.482000,0.000000,14.9886
241,0.484000,0.000000,14.9753
242,0.486000,0.000000,14.9620
243,0.488000,0.000000,14.9487
244,0.490000,0.000000,14.9356
245,0.492000,0.000000,14.9226
246,0.494000,0.000000,14.9096
247,0.496000,0.000000,14.8967
248,0.498000,0.000000,14.8838
249,0.500000,0.000000,14.8711
250,0.502000,0.000000,14.8584
251,0.504000,0.000000,14.8459
252,0.506000,0.000000,14.8333
253,0.508000,0.000000,14.8209
254,0.510000,0.000000,14.8086
255,0.512000,0.000000,14.7963
256,0.514000,0.000000,14.7841
257,0.516000,0.000000,14.7719
258,0.518000,0.000000,14.7599
259,0.520000,0.000000,14.7479
260,0.522000,0.000000,14.7360
261,0.524000,0.000000,14.7242
262,0.526000,0.000000,14.7124
263,0.528000,0.000000,14.7007
264,0.530000,0.000000,14.6891
265,0.532000,0.000000,14.6776
266,0.534000,0.000000,14.6661
267,0.536000,0.000000,14.6548
268,0.538000,0.000000,14.6434
269,0.540000,0.000000,14.6322
270,0.542000,0.000000,14.6210
271,0.544000,0.000000,14.6099
272,0.546000,0.000000,14.5989
273,0.548000,0.000000,14.5879
274,0.550000,0.000000,14.5771
275,0.552000,0.000000,14.5662
276,0.554000,0.000000,14.5555
277,0.556000,0.000000,14.5448
278,0.558000,0.000000,14.5342
279,0.560000,0.000000,14.5237
280,0.562000,0.000000,14.5132
281,0.564000,0.000000,14.5028
282,0.566000,0.000000,14.4925
283,0.568000,0.000000,14.4822
284,0.570000,0.000000,14.4720
285,0.572000,0.000000,14.4619
286,0.574000,0.000000,14.4519
287,0.576000,0.000000,14.4419
288,0.578000,0.000000,14.4320
289,0.580000,0.000000,14.4221
290,0.582000,0.000000,14.4123
291,0.584000,0.000000,14.4026
292,0.586000,0.000000,14.3929
293,0.588000,0.000000,14.3833
294,0.590000,0.000000,14.3738
295,0.592000,0.000000,14.3644
296,0.594000,0.000000,14.3550
297,0.596000,0.000000,14.3456
298,0.598000,0.000000,14.3364
299,0.600000,0.000000,14.3272
300,0.602000,0.000000,14.3180
301,0.604000,0.000000,14.3090
302,0.606000,0.000000,14.3000
303,0.608000,0.000000,14.2910
304,0.610000,0.000000,14.2822
305,0.612000,0.000000,14.2733
306,0.614000,0.000000,14.2646
307,0.616000,0.000000,14.2559
308,0.618000,0.000000,14.2473
309,0.620000,0.000000,14.2387
310,0.622000,0.000000,14.2302
311,0.624000,0.000000,14.2218
312,0.626000,0.000000,14.2134
313,0.628000,0.000000,14.2051
314,0.630000,0.000000,14.1968
315,0.632000,0.000000,14.1886
316,0.634000,0.000000,14.1805
317,0.636000,0.000000,14.1724
318,0.638000,0.000000,14.1644
319,0.640000,0.000000,14.1565
320,0.642000,0.000000,14.1486
321,0.644000,0.000000,14.1408
322,0.646000,0.000000,14.1330
323,0.648000,0.000000,14.1253
324,0.650000,0.000000,14.1176
325,0.652000,0.000000,14.1100
326,0.654000,0.000000,14.1025
327,0.656000,0.000000,14.0950
328,0.658000,0.000000,14.0876
329,0.660000,0.000000,14.0803
330,0.662000,0.000000,14.0730
331,0.664000,0.000000,14.0657
332,0.666000,0.000000,14.0586
333,0.668000,0.000000,14.0514
334,0.670000,0.000000,14.0444
335,0.672000,0.000000,14.0374
336,0.674000,0.000000,14.0304
337,0.676000,0.000000,14.0235
338,0.678000,0.000000,14.0167
339,0.680000,0.000000,14.0099
340,0.682000,0.000000,14.0032
341,0.684000,0.000000,13.9965
342,0.686000,0.000000,13.9899
343,0.688000,0.000000,13.9834
344,0.690000,0.000000,13.9769
345,0.692000,0.000000,13.9705
346,0.694000,0.000000,13.9641
347,0.696000,0.911836,13.5430
348,0.698000,1.746756,12.9992
349,0.700000,2.859687,12.3663
350,0.702000,4.119414,11.6900
351,0.704000,5.409996,11.0127
352,0.706000,6.626427,10.3848
353,0.708000,7.689555,9.8501
354,0.710000,8.546917,9.4385
355,0.712000,9.174897,9.1593
356,0.714000,9.577335,9.0021
357,0.716000,9.780082,8.9426
358,0.718000,9.824416,8.9489
359,0.720000,9.752926,8.9984
360,0.722000,9.616784,9.0673
361,0.724000,9.461553,9.1378
362,0.726000,9.328732,9.1955
363,0.728000,9.252724,9.2291
364,0.730000,9.257894,9.2302
365,0.732000,9.356748,9.1937
366,0.734000,9.550155,9.1188
367,0.736000,9.829337,9.0087
368,0.738000,10.178774,8.8695
369,0.740000,10.579227,8.7089
370,0.742000,11.010453,8.5356
371,0.744000,11.453405,8.3580
372,0.746000,11.891857,8.1833
373,0.748000,12.313435,8.0169
374,0.750000,12.710098,7.8622
375,0.752000,13.078112,7.7208
376,0.754000,13.417616,7.5923
377,0.756000,13.731891,7.4753
378,0.758000,14.026450,7.3671
379,0.760000,14.308084,7.2650
380,0.762000,14.583966,7.1660
381,0.764000,14.860884,7.0673
382,0.766000,15.144660,6.9667
383,0.768000,15.886054,6.6787
384,0.770000,16.654347,6.3316
385,0.772000,17.625367,5.9207
386,0.774000,18.759801,5.4500
387,0.776000,20.020849,4.9294
388,0.778000,21.378789,4.3656
389,0.780000,22.797142,3.7729
390,0.782000,24.244624,3.1652
391,0.784000,25.689786,2.5570
392,0.786000,27.100714,1.9632
393,0.788000,28.444439,1.3991
394,0.790000,29.686654,0.8808
395,0.792000,30.792442,0.4243
396,0.794000,31.729071,0.0439
397,0.796000,32.471589,-0.2515
398,0.798000,33.010378,-0.4613
399,0.800000,33.357035,-0.5962
400,0.802000,33.543578,-0.6753
401,0.804000,33.613112,-0.7202
402,0.806000,33.608203,-0.7495
403,0.808000,33.552224,-0.7648
404,0.810000,33.465162,-0.7670
405,0.812000,33.353557,-0.7543
406,0.814000,33.220700,-0.7255
407,0.816000,33.069197,-0.6818
408,0.818000,32.902023,-0.6256
409,0.820000,32.722718,-0.5600
410,0.822000,32.535239,-0.4878
411,0.824000,32.343700,-0.4116
412,0.826000,32.152133,-0.3336
413,0.828000,31.964304,-0.2558
414,0.830000,31.783596,-0.1797
415,0.832000,31.612947,-0.1068
416,0.834000,31.454819,-0.0383
417,0.836000,31.311186,0.0248
418,0.838000,31.183536,0.0818
419,0.840000,31.072891,0.1321
420,0.842000,30.979823,0.1754
421,0.844000,30.904487,0.2114
422,0.846000,30.846657,0.2401
423,0.848000,30.805765,0.2618
424,0.850000,30.780946,0.2767
425,0.852000,30.771083,0.2851
426,0.854000,30.774862,0.2876
427,0.856000,30.790812,0.2847
428,0.858000,30.817361,0.2771
429,0.860000,30.852876,0.2654
430,0.862000,30.895707,0.2503
431,0.864000,30.944227,0.2324
432,0.866000,30.996865,0.2125
433,0.868000,31.052136,0.1910
434,0.870000,31.108663,0.1687
435,0.872000,31.165198,0.1461
436,0.874000,31.220631,0.1236
437,0.876000,31.274005,0.1017
438,0.878000,31.324513,0.0807
439,0.880000,31.371501,0.0609
440,0.882000,31.414465,0.0426
441,0.884000,31.453040,0.0260
442,0.886000,31.486994,0.0112
443,0.888000,31.516216,-0.0018
444,0.890000,31.540706,-0.0128
445,0.892000,31.560555,-0.0220
446,0.894000,31.575941,-0.0293
447,0.896000,31.587108,-0.0349
448,0.898000,31.594355,-0.0388
449,0.900000,31.598026,-0.0412
450,0.902000,31.598495,-0.0422
451,0.904000,31.596155,-0.0419
452,0.906000,31.591411,-0.0406
453,0.908000,31.584667,-0.0383
454,0.910000,31.576318,-0.0353
455,0.912000,31.566749,-0.0317
456,0.914000,31.556320,-0.0277
457,0.916000,31.545368,-0.0233
458,0.918000,31.534201,-0.0188
459,0.920000,31.523096,-0.0142
460,0.922000,31.512294,-0.0097
461,0.924000,31.502003,-0.0053
462,0.926000,31.492396,-0.0012
463,0.928000,31.483611,0.0026
464,0.930000,31.475753,0.0061
465,0.932000,31.468896,0.0092
466,0.934000,31.463084,0.0119
467,0.936000,31.458333,0.0142
468,0.938000,31.454636,0.0160
469,0.940000,31.451963,0.0174
470,0.942000,31.450268,0.0184
471,0.944000,31.449488,0.0191
472,0.946000,31.449547,0.0193
473,0.948000,31.450362,0.0192
474,0.950000,31.451842,0.0188
475,0.952000,31.453892,0.0182
476,0.954000,31.456416,0.0173
477,0.956000,31.459319,0.0163
478,0.958000,31.462507,0.0151
479,0.960000,31.465893,0.0138
480,0.962000,31.469394,0.0125
481,0.964000,31.472932,0.0111
482,0.966000,31.476440,0.0097
483,0.968000,31.479857,0.0083
484,0.970000,31.483130,0.0070
485,0.972000,31.486216,0.0057
486,0.974000,31.489080,0.0045
487,0.976000,31.491695,0.0034
488,0.978000,31.494041,0.0024
489,0.980000,31.496108,0.0015
490,0.982000,31.497890,0.0007
491,0.984000,31.499389,0.0000
492,0.986000,31.500610,-0.0005
493,0.988000,31.501567,-0.0010
494,0.990000,31.502273,-0.0013
495,0.992000,31.502747,-0.0016
496,0.994000,31.503011,-0.0017
497,0.996000,31.503086,-0.0018
498,0.998000,31.502996,-0.0018
499,1.000000,31.502766,-0.0017
500,1.002000,31.502420,-0.0016
501,1.004000,31.501981,-0.0014
502,1.006000,31.501472,-0.0012
503,1.008000,31.500914,-0.0010
504,1.010000,31.500327,-0.0008
505,1.012000,31.499729,-0.0005
506,1.014000,31.499136,-0.0003
507,1.016000,31.498562,-0.0001
508,1.018000,31.498019,0.0002
509,1.020000,31.497517,0.0004
510,1.022000,31.497063,0.0006
511,1.024000,31.496663,0.0008
512,1.026000,31.496322,0.0009
513,1.028000,31.496040,0.0011
514,1.030000,31.495820,0.0012
515,1.032000,31.495660,0.0013
516,1.034000,31.495558,0.0013
517,1.036000,31.495512,0.0014
518,1.038000,31.495516,0.0014
519,1.040000,31.495567,0.0014
520,1.042000,31.495660,0.0014
521,1.044000,31.495789,0.0013
522,1.046000,31.495949,0.0013
523,1.048000,31.496133,0.0012
524,1.050000,31.496338,0.0011
525,1.052000,31.496556,0.0011
526,1.054000,31.496783,0.0010
527,1.056000,31.497015,0.0009
528,1.058000,31.497246,0.0008
529,1.060000,31.497474,0.0007
530,1.062000,31.497694,0.0006
531,1.064000,31.497904,0.0005
532,1.066000,31.498102,0.0005
533,1.068000,31.498284,0.0004
534,1.070000,31.498451,0.0003
535,1.072000,31.498601,0.0002
536,1.074000,31.498734,0.0002
537,1.076000,31.498849,0.0001
538,1.078000,31.498946,0.0001
539,1.080000,31.499027,0.0001
540,1.082000,31.499092,0.0000
541,1.084000,31.499141,0.0000
542,1.086000,31.499177,-0.0000
543,1.088000,31.499200,-0.0000
544,1.090000,31.499211,-0.0000
545,1.092000,31.499213,-0.0000
546,1.094000,31.499206,-0.0000
547,1.096000,31.499193,-0.0000
548,1.098000,31.499174,-0.0000
549,1.100000,31.499151,-0.0000
550,1.102000,31.499125,-0.0000
551,1.104000,31.499097,0.0000
552,1.106000,31.499068,0.0000
553,1.108000,31.499040,0.0000
554,1.110000,31.499013,0.0000
555,1.112000,31.498987,0.0001
556,1.114000,31.498964,0.0001
557,1.116000,31.498943,0.0001
558,1.118000,31.498926,0.0001
559,1.120000,31.498911,0.0001
560,1.122000,31.498900,0.0001
561,1.124000,31.498893,0.0001
562,1.126000,31.498889,0.0001
563,1.128000,31.498888,0.0001
564,1.130000,31.498890,0.0001
565,1.132000,31.498894,0.0001
566,1.134000,31.498902,0.0001
567,1.136000,31.498911,0.0001
568,1.138000,31.498923,0.0001
569,1.140000,31.498936,0.0001
570,1.142000,31.498950,0.0001
571,1.144000,31.498965,0.0001
572,1.146000,31.498981,0.0001
573,1.148000,31.498997,0.0001
574,1.150000,31.499013,0.0001
575,1.152000,31.499029,0.0001
576,1.154000,31.499045,0.0001
577,1.156000,31.499060,0.0001
578,1.158000,31.499074,0.0000
579,1.160000,31.499087,0.0000
580,1.162000,31.499100,0.0000
581,1.164000,31.499111,0.0000
582,1.166000,31.499121,0.0000
583,1.168000,31.499130,0.0000
584,1.170000,31.499138,0.0000
585,1.172000,31.499145,0.0000
586,1.174000,31.499151,0.0000
587,1.176000,31.499156,0.0000
588,1.178000,31.499160,0.0000
589,1.180000,31.499163,0.0000
590,1.182000,31.499165,0.0000
591,1.184000,31.499167,0.0000
592,1.186000,31.499168,0.0000
593,1.188000,31.499168,0.0000
594,1.190000,31.499168,0.0000
595,1.192000,31.499168,0.0000
596,1.194000,31.499167,0.0000
597,1.196000,31.499167,0.0000
598,1.198000,31.499166,0.0000
599,1.200000,31.499165,0.0000
600,1.202000,31.499164,0.0000
601,1.204000,31.499163,0.0000
602,1.206000,31.499162,0.0000
603,1.208000,31.499161,0.0000
604,1.210000,31.499161,0.0000
605,1.212000,31.499160,0.0000
606,1.214000,31.499160,0.0000
607,1.216000,31.499160,0.0000
608,1.218000,31.499160,0.0000
609,1.220000,31.499160,0.0000
610,1.222000,31.499161,0.0000
611,1.224000,31.499161,0.0000
612,1.226000,31.499162,0.0000
613,1.228000,31.499163,0.0000
614,1.230000,31.499164,0.0000
615,1.232000,31.499165,0.0000
616,1.234000,31.499166,0.0000
617,1.236000,31.499167,0.0000
618,1.238000,31.499168,0.0000
619,1.240000,31.499169,0.0000
620,1.242000,31.499171,0.0000
621,1.244000,31.499172,0.0000
622,1.246000,31.499173,0.0000
623,1.248000,31.499174,0.0000
624,1.250000,31.499175,0.0000
625,1.252000,31.499176,0.0000
626,1.254000,31.499177,0.0000
627,1.256000,31.499178,0.0000
628,1.258000,31.499179,0.0000
629,1.260000,31.499180,0.0000
630,1.262000,31.499180,0.0000
631,1.264000,31.499181,0.0000
632,1.266000,31.499182,0.0000
633,1.268000,31.499182,0.0000
634,1.270000,31.499182,0.0000
635,1.272000,31.499183,0.0000
636,1.274000,31.499183,0.0000
637,1.276000,31.499183,0.0000
638,1.278000,31.499184,0.0000
639,1.280000,31.499184,0.0000
640,1.282000,31.499184,0.0000
641,1.284000,31.499184,0.0000
642,1.286000,31.499184,0.0000
643,1.288000,31.499184,0.0000
644,1.290000,31.499184,0.0000
645,1.292000,31.499184,0.0000
646,1.294000,31.499184,0.0000
647,1.296000,31.499184,0.0000
648,1.298000,31.499184,0.0000
649,1.300000,31.499184,0.0000
650,1.302000,31.499184,0.0000
651,1.304000,31.499184,0.0000
652,1.306000,31.499184,0.0000
653,1.308000,31.499184,0.0000
654,1.310000,31.499184,0.0000
655,1.312000,31.499184,0.0000
656,1.314000,31.499184,0.0000
657,1.316000,31.499185,0.0000
658,1.318000,31.499185,0.0000
659,1.320000,31.499185,0.0000
660,1.322000,31.499185,0.0000
661,1.324000,31.499185,0.0000
662,1.326000,31.499185,0.0000
663,1.328000,31.499185,0.0000
664,1.330000,31.499185,0.0000
665,1.332000,31.499185,0.0000
666,1.334000,31.499185,0.0000
667,1.336000,31.499185,0.0000
668,1.338000,31.499186,0.0000
669,1.340000,31.499186,0.0000
670,1.342000,31.499186,0.0000
671,1.344000,31.499186,0.0000
672,1.346000,31.499186,0.0000
673,1.348000,31.499186,0.0000
674,1.350000,31.499186,0.0000
675,1.352000,31.499186,0.0000
676,1.354000,31.499186,0.0000
677,1.356000,31.499186,0.0000
678,1.358000,31.499186,0.0000
679,1.360000,31.499186,0.0000
680,1.362000,31.499186,0.0000
681,1.364000,31.499186,0.0000
682,1.366000,31.499186,0.0000
683,1.368000,31.499187,0.0000
684,1.370000,31.499187,0.0000
685,1.372000,31.499187,0.0000
686,1.374000,31.499187,0.0000
687,1.376000,31.499187,0.0000
688,1.378000,31.499187,0.0000
689,1.380000,31.499187,0.0000
690,1.382000,31.499187,0.0000
691,1.384000,31.499187,0.0000
692,1.386000,31.499187,0.0000
693,1.388000,31.499187,0.0000
694,1.390000,31.499187,0.0000
695,1.392000,31.499187,0.0000
696,1.394000,31.499187,0.0000
697,1.396000,31.499187,0.0000
698,1.398000,31.499187,0.0000
699,1.400000,31.499187,0.0000
700,1.402000,31.499187,0.0000
701,1.404000,31.499187,0.0000
702,1.406000,31.499187,0.0000
703,1.408000,31.499187,0.0000
704,1.410000,31.499187,0.0000
705,1.412000,31.499187,0.0000
706,1.414000,31.499187,0.0000
707,1.416000,31.499187,0.0000
708,1.418000,31.499187,0.0000
709,1.420000,31.499187,0.0000
710,1.422000,31.499187,0.0000
711,1.424000,31.499187,0.0000
712,1.426000,31.499187,0.0000
713,1.428000,31.499187,0.0000
714,1.430000,31.499187,0.0000
715,1.432000,31.499187,0.0000
716,1.434000,31.499187,0.0000
717,1.436000,31.499187,0.0000
718,1.438000,31.499187,0.0000
719,1.440000,31.499187,0.0000
720,1.442000,31.499187,0.0000
721,1.444000,31.499187,0.0000
722,1.446000,31.499187,0.0000
723,1.448000,31.499187,0.0000
724,1.450000,31.499187,0.0000
725,1.452000,31.499187,0.0000
726,1.454000,31.499187,0.0000
727,1.456000,31.499187,0.0000
728,1.458000,31.499187,0.0000
729,1.460000,31.499187,0.0000
730,1.462000,31.499187,0.0000
731,1.464000,31.499187,0.0000
732,1.466000,31.499187,0.0000
733,1.468000,31.499187,0.0000
734,1.470000,31.499187,0.0000
735,1.472000,31.499187,0.0000
736,1.474000,31.499187,0.0000
737,1.476000,31.499187,0.0000
738,1.478000,31.499187,0.0000
739,1.480000,31.499187,0.0000
740,1.482000,31.499187,0.0000
741,1.484000,31.499187,0.0000
742,1.486000,31.499187,0.0000
743,1.488000,31.499187,0.0000
744,1.490000,31.499187,0.0000
745,1.492000,31.499187,0.0000
746,1.494000,31.499187,0.0000
747,1.496000,31.499187,0.0000
748,1.498000,31.499187,0.0000
749,1.500000,31.499187,0.0000
750,1.502000,31.499187,0.0000
751,1.504000,31.499187,0.0000
752,1.506000,31.499187,0.0000
753,1.508000,31.499187,0.0000
754,1.510000,31.499187,0.0000
755,1.512000,31.499187,0.0000
756,1.514000,31.499187,0.0000
757,1.516000,31.499187,0.0000
758,1.518000,31.499187,0.0000
759,1.520000,31.499187,0.0000
760,1.522000,31.499187,0.0000
761,1.524000,31.499187,0.0000
762,1.526000,31.499187,0.0000
763,1.528000,31.499187,0.0000
764,1.530000,31.499187,0.0000
765,1.532000,31.499187,0.0000
766,1.534000,31.499187,0.0000
767,1.536000,31.499187,0.0000
768,1.538000,31.499187,0.0000
769,1.540000,31.499187,0.0000
770,1.542000,31.499187,0.0000
771,1.544000,31.499187,0.0000
772,1.546000,31.499187,0.0000
773,1.548000,31.499187,0.0000
774,1.550000,31.499187,0.0000
775,1.552000,31.499187,0.0000
776,1.554000,31.499187,0.0000
777,1.556000,31.499187,0.0000
778,1.558000,31.499187,0.0000
779,1.560000,31.499187,0.0000
780,1.562000,31.499187,0.0000
781,1.564000,31.499187,0.0000
782,1.566000,31.499187,0.0000
783,1.568000,31.499187,0.0000
784,1.570000,31.499187,0.0000
785,1.572000,31.499187,0.0000
786,1.574000,31.499187,0.0000
787,1.576000,31.499187,0.0000
788,1.578000,31.499187,0.0000
789,1.580000,31.499187,0.0000
790,1.582000,31.499187,0.0000
791,1.584000,31.499187,0.0000
792,1.586000,31.499187,0.0000
793,1.588000,31.499187,0.0000
794,1.590000,31.499187,0.0000
795,1.592000,31.499187,0.0000
796,1.594000,31.499187,0.0000
797,1.596000,31.499187,0.0000
798,1.598000,31.499187,0.0000
799,1.600000,31.499187,0.0000
800,1.602000,31.499187,0.0000
801,1.604000,31.499187,0.0000
802,1.606000,31.499187,0.0000
803,1.608000,31.499187,0.0000
804,1.610000,31.499187,0.0000
805,1.612000,31.499187,0.0000
806,1.614000,31.499187,0.0000
807,1.616000,31.499187,0.0000
808,1.618000,31.499187,0.0000
809,1.620000,31.499187,0.0000
810,1.622000,31.499187,0.0000
811,1.624000,31.499187,0.0000
812,1.626000,31.499187,0.0000
813,1.628000,31.499187,0.0000
814,1.630000,31.499187,0.0000
815,1.632000,31.499187,0.0000
816,1.634000,31.499187,0.0000
817,1.636000,31.499187,0.0000
818,1.638000,31.499187,0.0000
819,1.640000,31.499187,0.0000
820,1.642000,31.499187,0.0000
821,1.644000,31.499187,0.0000
822,1.646000,31.499187,0.0000
823,1.648000,31.499187,0.0000
824,1.650000,31.499187,0.0000
825,1.652000,31.499187,0.0000
826,1.654000,31.499187,0.0000
827,1.656000,31.499187,0.0000
828,1.658000,31.499187,0.0000
829,1.660000,31.499187,0.0000
830,1.662000,31.499187,0.0000
831,1.664000,31.499187,0.0000
832,1.666000,31.499187,0.0000
833,1.668000,31.499187,0.0000
834,1.670000,31.499187,0.0000
835,1.672000,31.499187,0.0000
836,1.674000,31.499187,0.0000
837,1.676000,31.499187,0.0000
838,1.678000,31.499187,0.0000
839,1.680000,31.499187,0.0000
840,1.682000,31.499187,0.0000
841,1.684000,31.499187,0.0000
842,1.686000,31.499187,0.0000
843,1.688000,31.499187,0.0000
844,1.690000,31.499187,0.0000
845,1.692000,31.499187,0.0000
846,1.694000,31.499187,0.0000
847,1.696000,31.499187,0.0000
848,1.698000,31.499187,0.0000
849,1.700000,31.499187,0.0000
850,1.702000,31.499187,0.0000
851,1.704000,31.499187,0.0000
852,1.706000,31.499187,0.0000
853,1.708000,31.499187,0.0000
854,1.710000,31.499187,0.0000
855,1.712000,31.499187,0.0000
856,1.714000,31.499187,0.0000
857,1.716000,31.499187,0.0000
858,1.718000,31.499187,0.0000
859,1.720000,31.499187,0.0000
860,1.722000,31.499187,0.0000
861,1.724000,31.499187,0.0000
862,1.726000,31.499187,0.0000
863,1.728000,31.499187,0.0000
864,1.730000,31.499187,0.0000
865,1.732000,31.499187,0.0000
866,1.734000,31.499187,0.0000
867,1.736000,31.499187,0.0000
868,1.738000,31.499187,0.0000
869,1.740000,31.499187,0.0000
870,1.742000,31.499187,0.0000
871,1.744000,31.499187,0.0000
872,1.746000,31.499187,0.0000
873,1.748000,31.499187,0.0000
874,1.750000,31.499187,0.0000
875,1.752000,31.499187,0.0000
876,1.754000,31.499187,0.0000
877,1.756000,31.499187,0.0000
878,1.758000,31.499187,0.0000
879,1.760000,31.499187,0.0000
880,1.762000,31.499187,0.0000
881,1.764000,31.499187,0.0000
882,1.766000,31.499187,0.0000
883,1.768000,31.499187,0.0000
884,1.770000,31.499187,0.0000
885,1.772000,31.499187,0.0000
886,1.774000,31.499187,0.0000
887,1.776000,31.499187,0.0000
888,1.778000,31.499187,0.0000
889,1.780000,31.499187,0.0000
890,1.782000,31.499187,0.0000
891,1.784000,31.499187,0.0000
892,1.786000,31.499187,0.0000
893,1.788000,31.499187,0.0000
894,1.790000,31.499187,0.0000
895,1.792000,31.499187,0.0000
896,1.794000,31.499187,0.0000
897,1.796000,31.499187,0.0000
898,1.798000,31.499187,0.0000
899,1.800000,31.499187,0.0000
900,1.802000,31.499187,0.0000
901,1.804000,31.499187,0.0000
902,1.806000,31.499187,0.0000
903,1.808000,31.499187,0.0000
904,1.810000,31.499187,0.0000
905,1.812000,31.499187,0.0000
906,1.814000,31.499187,0.0000
907,1.816000,31.499187,0.0000
908,1.818000,31.499187,0.0000
909,1.820000,31.499187,0.0000
910,1.822000,31.499187,0.0000
911,1.824000,31.499187,0.0000
912,1.826000,31.499187,0.0000
913,1.828000,31.499187,0.0000
914,1.830000,31.499187,0.0000
915,1.832000,31.499187,0.0000
916,1.834000,31.499187,0.0000
917,1.836000,31.499187,0.0000
918,1.838000,31.499187,0.0000
919,1.840000,31.499187,0.0000
920,1.842000,31.499187,0.0000
921,1.844000,31.499187,0.0000
922,1.846000,31.499187,0.0000
923,1.848000,31.499187,0.0000
924,1.850000,31.499187,0.0000
925,1.852000,31.499187,-0.0000
926,1.854000,31.499187,-0.0000
927,1.856000,31.499187,0.0000
928,1.858000,31.499187,-0.0000
929,1.860000,31.499187,-0.0000
930,1.862000,31.499187,-0.0000
931,1.864000,31.499187,0.0000
932,1.866000,31.499187,0.0000
933,1.868000,31.499187,0.0000
934,1.870000,31.499187,-0.0000
935,1.872000,31.499187,-0.0000
936,1.874000,31.499187,0.0000
937,1.876000,31.499187,0.0000
938,1.878000,31.499187,0.0000
939,1.880000,31.499187,-0.0000
940,1.882000,31.499187,-0.0000
941,1.884000,31.499187,-0.0000
942,1.886000,31.499187,0.0000
943,1.888000,31.499187,0.0000
944,1.890000,31.499187,0.0000
945,1.892000,31.499187,-0.0000
946,1.894000,31.499187,-0.0000
947,1.896000,31.499187,-0.0000
948,1.898000,31.499187,-0.0000
949,1.900000,31.499187,0.0000
950,1.902000,31.499187,0.0000
951,1.904000,31.499187,0.0000
952,1.906000,31.499187,-0.0000
953,1.908000,31.499187,-0.0000
954,1.910000,31.499187,0.0000
955,1.912000,31.499187,0.0000
956,1.914000,31.499187,-0.0000
957,1.916000,31.499187,-0.0000
958,1.918000,31.499187,-0.0000
959,1.920000,31.499187,0.0000
960,1.922000,31.499187,0.0000
961,1.924000,31.499187,0.0000
962,1.926000,31.499187,-0.0000
963,1.928000,31.499187,-0.0000
964,1.930000,31.499187,-0.0000
965,1.932000,31.499187,0.0000
966,1.934000,31.499187,0.0000
967,1.936000,31.499187,0.0000
968,1.938000,31.499187,-0.0000
969,1.940000,31.499187,-0.0000
970,1.942000,31.499187,-0.0000
971,1.944000,31.499187,0.0000
972,1.946000,31.499187,0.0000
973,1.948000,31.499187,0.0000
974,1.950000,31.499187,-0.0000
975,1.952000,31.499187,-0.0000
976,1.954000,31.499187,0.0000
977,1.956000,31.499187,0.0000
978,1.958000,31.499187,-0.0000
979,1.960000,31.499187,0.0000
980,1.962000,31.499187,-0.0000
981,1.964000,31.499187,0.0000
982,1.966000,31.499187,-0.0000
983,1.968000,31.499187,0.0000
984,1.970000,31.499187,-0.0000
985,1.972000,31.499187,-0.0000
986,1.974000,31.499187,0.0000
987,1.976000,31.499187,0.0000
988,1.978000,31.499187,-0.0000
989,1.980000,31.499187,-0.0000
990,1.982000,31.499187,-0.0000
991,1.984000,31.499187,0.0000
992,1.986000,31.499187,0.0000
993,1.988000,31.499187,0.0000
994,1.990000,31.499187,0.0000
995,1.992000,31.499187,-0.0000
996,1.994000,31.499187,-0.0000
997,1.996000,31.499187,-0.0000
998,1.998000,31.499187,-0.0000
999,2.000000,31.499187,-0.0000
